{
    "mse": 0.0025452172849327326,
    "rmse": 0.05045014653033956,
    "mae": 0.050450146198272705
}